{"cameraMode":{"drawMode":0,"name":"Shaded","section":"Shading Mode"},"sceneLighting":true,"audioPlay":false,"sceneViewState":{"showFog":true,"showMaterialUpdate":false,"showSkybox":true,"showFlares":true,"showImageEffects":true,"showParticleSystems":true},"in2DMode":false,"pivot":{"x":-5.339771270751953,"y":-9.094879150390625,"z":32.02471923828125},"rotation":{"x":0.38264331221580508,"y":0.6025177836418152,"z":-0.4019470512866974,"w":0.5735844373703003},"size":45.23427963256836,"orthographic":false}